{"cameraMode":{"drawMode":0,"name":"Shaded","section":"Shading Mode"},"sceneLighting":false,"audioPlay":false,"sceneViewState":{"m_AlwaysRefresh":false,"showFog":true,"showSkybox":true,"showFlares":true,"showImageEffects":true,"showParticleSystems":true,"showVisualEffectGraphs":true,"m_FxEnabled":true},"in2DMode":false,"pivot":{"x":7.102572917938232,"y":-2.0514304637908937,"z":1.342347264289856},"rotation":{"x":-0.5062061548233032,"y":0.03671268746256828,"z":-0.021577468141913415,"w":-0.8613676428794861},"size":13.931692123413086,"orthographic":false}