{"cameraMode":{"drawMode":0,"name":"Shaded","section":"Shading Mode"},"sceneLighting":false,"audioPlay":false,"sceneViewState":{"m_AlwaysRefresh":false,"showFog":true,"showSkybox":true,"showFlares":true,"showImageEffects":true,"showParticleSystems":true,"showVisualEffectGraphs":true,"m_FxEnabled":true},"in2DMode":false,"pivot":{"x":5.503877639770508,"y":0.12618711590766908,"z":6.41769552230835},"rotation":{"x":-0.48972877860069277,"y":0.009673342108726502,"z":-0.005437340121716261,"w":-0.8718104362487793},"size":25.29971694946289,"orthographic":false}