{"cameraMode":{"drawMode":0,"name":"Shaded","section":"Shading Mode"},"sceneLighting":false,"audioPlay":false,"sceneViewState":{"m_AlwaysRefresh":false,"showFog":true,"showSkybox":true,"showFlares":true,"showImageEffects":true,"showParticleSystems":true,"showVisualEffectGraphs":true,"m_FxEnabled":true},"in2DMode":false,"pivot":{"x":0.039589110761880878,"y":-1.3499178886413575,"z":2.003317356109619},"rotation":{"x":-0.5062061548233032,"y":0.03671268746256828,"z":-0.021577468141913415,"w":-0.8613676428794861},"size":9.79655933380127,"orthographic":false}