{"cameraMode":{"drawMode":0,"name":"Shaded","section":"Shading Mode"},"sceneLighting":false,"audioPlay":false,"sceneViewState":{"m_AlwaysRefresh":false,"showFog":true,"showSkybox":true,"showFlares":true,"showImageEffects":true,"showParticleSystems":true,"showVisualEffectGraphs":true,"m_FxEnabled":true},"in2DMode":false,"pivot":{"x":11.401612281799317,"y":-3.350961208343506,"z":0.8396587371826172},"rotation":{"x":-0.48972877860069277,"y":0.009673342108726502,"z":-0.005437340121716261,"w":-0.8718104362487793},"size":34.94163513183594,"orthographic":false}