{"cameraMode":{"drawMode":0,"name":"Shaded","section":"Shading Mode"},"sceneLighting":false,"audioPlay":false,"sceneViewState":{"m_AlwaysRefresh":false,"showFog":true,"showSkybox":true,"showFlares":true,"showImageEffects":true,"showParticleSystems":true,"showVisualEffectGraphs":true,"m_FxEnabled":true},"in2DMode":false,"pivot":{"x":-0.014904102310538292,"y":-0.05562148243188858,"z":0.056491076946258548},"rotation":{"x":-0.4365706145763397,"y":0.009982221759855748,"z":-0.0048466152511537079,"w":-0.8996075391769409},"size":30.11791229248047,"orthographic":false}